{
  "project_info": {
    "project_number": "626822532473",
    "project_id": "dimediaryapp",
    "storage_bucket": "dimediaryapp.appspot.com"
  },
  "client": [
    {
      "client_info": {
        "mobilesdk_app_id": "1:626822532473:android:98eaaaef51b6bd3d16f3a8",
        "android_client_info": {
          "package_name": "com.project.dimediaryapp"
        }
      },
      "oauth_client": [],
      "api_key": [
        {
          "current_key": "AIzaSyBcH-KBaN3ckzti_VhzrSNSH6Q2nbZYQc4"
        }
      ],
      "services": {
        "appinvite_service": {
          "other_platform_oauth_client": []
        }
      }
    }
  ],
  "configuration_version": "1"
}